country,year,GDP_constant,population,GDP_kg_per_pop
Argentina,1990,203727000000,32618648,6245721.772404546
Argentina,1991,222333000000,33079002,6721272.909019444
Argentina,1992,239980000000,33529320,7157317.8340628445
Argentina,1993,259676000000,33970103,7644251.181693502
Argentina,1994,274831000000,34402669,7988653.438487577
Argentina,1995,267011000000,34828168,7666524.406336849
Argentina,1996,281768000000,35246376,7994240.31565685
Argentina,1997,304622000000,35657438,8543014.223287718
Argentina,1998,316351000000,36063451,8772066.766433418
Argentina,1999,305641000000,36467218,8381253.541194176
Argentina,2000,303230000000,36870796,8224124.046576048
Argentina,2001,289861000000,37275644,7776150.024396627
Argentina,2002,258282000000,37681743,6854300.768411906
Argentina,2003,281106000000,38087866,7380460.748312862
Argentina,2004,306489000000,38491970,7962413.978811684
Argentina,2005,333618000000,38892924,8577858.532827206
Argentina,2006,360465000000,39289876,9174500.830697456
Argentina,2007,392935000000,39684303,9901522.019928131
Argentina,2008,408877000000,40080159,10201481.486138815
Argentina,2009,384677000000,40482786,9502236.333240503
Argentina,2010,423627000000,40788453,10385954.083622636
Argentina,2011,449062000000,41261490,10883320.015830742
Argentina,2012,444453000000,41733271,10649848.175092721
Argentina,2013,455143000000,42202935,10784629.07852262
Argentina,2014,443707000000,42669500,10398692.274341157
Argentina,2015,455825000000,43131966,10568147.994923301
Argentina,2016,446343000000,43590368,10239486.851774227
Argentina,2017,458923000000,44044811,10419456.675611572
Argentina,2018,447150000000,44494502,10049556.235060234
Australia,1990,612831000000,17065100,35911362.95714646
Australia,1991,610393000000,17284000,35315494.09858829
Australia,1992,612909000000,17495000,35033380.96599028
Australia,1993,637609000000,17667000,36090394.520858094
Australia,1994,663010000000,17855000,37133015.96191543
Australia,1995,688455000000,18072000,38095119.52191235
Australia,1996,715157000000,18311000,39056141.11736115
Australia,1997,743524000000,18517000,40153588.59426473
Australia,1998,777553000000,18711000,41555929.66704078
Australia,1999,817003000000,18926000,43168287.01257529
Australia,2000,849137000000,19153000,44334412.36359839
Australia,2001,865533000000,19413000,44585226.39468397
Australia,2002,900166000000,19651400,45806710.97224625
Australia,2003,927045000000,19895400,46595946.80177327
Australia,2004,964640000000,20127400,47926706.87719228
Australia,2005,995550000000,20394800,48813913.350461885
Australia,2006,1023370000000,20697900,49443180.226013266
Australia,2007,1062710000000,20827600,51024121.83832991
Australia,2008,1101590000000,21249200,51841481.09105284
Australia,2009,1122920000000,21691700,51767265.82056731
Australia,2010,1146140000000,22031750,52022195.24095907
Australia,2011,1174370000000,22340024,52567982.91711772
Australia,2012,1220380000000,22733465,53682093.77672959
Australia,2013,1251920000000,23128129,54129756.886084475
Australia,2014,1283640000000,23475686,54679552.28230604
Australia,2015,1311780000000,23815995,55079789.86391289
Australia,2016,1348130000000,24190907,55728790.98745657
Australia,2017,1379140000000,24601860,56058363.06685755
Australia,2018,1419820000000,24982688,56832155.13078497
Brazil,1990,1189600000000,149003225,7983719.81546037
Brazil,1991,1207590000000,151648007,7963111.575874518
Brazil,1992,1201950000000,154259382,7791746.501357045
Brazil,1993,1258020000000,156849086,8020575.905682995
Brazil,1994,1325130000000,159432717,8311531.1896742
Brazil,1995,1383660000000,162019889,8540062.633915272
Brazil,1996,1414210000000,164614682,8591031.99555432
Brazil,1997,1462220000000,167209046,8744861.80610109
Brazil,1998,1467160000000,169785253,8641268.744347308
Brazil,1999,1474030000000,172318674,8554093.214528797
Brazil,2000,1538710000000,174790339,8803175.32881494
Brazil,2001,1560090000000,177196051,8804315.847874058
Brazil,2002,1607730000000,179537523,8954841.155962702
Brazil,2003,1626070000000,181809244,8943824.660532663
Brazil,2004,1719730000000,184006479,9346029.603664119
Brazil,2005,1774800000000,186127108,9535419.20395604
Brazil,2006,1845120000000,188167353,9805739.2559484
Brazil,2007,1957110000000,190130445,10293511.909678642
Brazil,2008,2056810000000,192030362,10710858.317290472
Brazil,2009,2054220000000,193886505,10594961.211972952
Brazil,2010,2208870000000,195713637,11286234.489628335
Brazil,2011,2296660000000,197514541,11627802.1272368
Brazil,2012,2340780000000,199287292,11745756.473021872
Brazil,2013,2411120000000,201035904,11993479.532889806
Brazil,2014,2423270000000,202763744,11951199.717440609
Brazil,2015,2337350000000,204471759,11431162.970530322
Brazil,2016,2260780000000,206163056,10965980.248177927
Brazil,2017,2290690000000,207833825,11021738.16028262
Brazil,2018,2331540000000,209469320,11130699.235573018
Canada,1997,1079100000000,29905948,36083122.996134415
Canada,1998,1109280000000,30155173,36785728.27289036
Canada,1999,1153330000000,30401286,37936882.012162246
Canada,2000,1210040000000,30685730,39433313.13936478
Canada,2001,1227050000000,31020902,39555587.39072126
Canada,2002,1269040000000,31360079,40466734.79362089
Canada,2003,1317410000000,31644028,41632184.12017585
Canada,2004,1368970000000,31940655,42859797.33352369
Canada,2005,1437360000000,32243753,44577937.313934885
Canada,2006,1497240000000,32571174,45968254.01503796
Canada,2007,1600080000000,32889025,48650879.738757834
Canada,2008,1616200000000,33247118,48611732.30112757
Canada,2009,1568870000000,33628895,46652439.81403493
Canada,2010,1617340000000,34004889,47561984.39583202
Canada,2011,1668240000000,34339328,48581032.22054899
Canada,2012,1697640000000,34714222,48903299.63321661
Canada,2013,1737180000000,35082954,49516354.865670666
Canada,2014,1787040000000,35437435,50428029.00379218
Canada,2015,1798810000000,35702908,50382730.72882466
Canada,2016,1816830000000,36109487,50314478.297628544
Canada,2017,1872060000000,36545295,51225746.022846445
Canada,2018,1917540000000,37065178,51734271.989736564
Chile,1990,78761086957,13274617,5933209.7458631005
Chile,1991,84907911074,13495255,6291686.305594077
Chile,1992,94389329346,13719818,6879779.9902301915
Chile,1993,100608000000,13944934,7214663.045375475
Chile,1994,105669000000,14166346,7459157.0755083915
Chile,1995,115109000000,14380864,8004317.404016893
Chile,1996,122940000000,14587367,8427840.336093552
Chile,1997,132072000000,14786227,8932096.06480409
Chile,1998,137783000000,14977736,9199187.380522663
Chile,1999,137215000000,15162801,9049449.372843448
Chile,2000,144525000000,15342350,9420004.10628098
Chile,2001,149298000000,15516112,9622126.986451246
Chile,2002,153937000000,15684413,9814648.466601841
Chile,2003,160235000000,15849649,10109687.602545647
Chile,2004,171787000000,16014972,10726650.037227664
Chile,2005,181652000000,16182713,11225064.672406908
Chile,2006,193128000000,16354507,11808854.892415896
Chile,2007,202601000000,16530201,12256414.78890668
Chile,2008,209752000000,16708255,12553794.51654287
Chile,2009,206471000000,16886184,12227214.863938471
Chile,2010,218538000000,17062531,12808064.641758014
Chile,2011,231892000000,17233584,13455819.752873227
Chile,2012,244226000000,17400359,14035687.424610032
Chile,2013,254105000000,17571511,14461192.324325439
Chile,2014,258594000000,17758969,14561318.283735953
Chile,2015,264551000000,17969356,14722341.746693648
Chile,2016,269078000000,18209072,14777139.65873714
Chile,2017,272265000000,18470435,14740584.073953861
Chile,2018,282377000000,18729166,15076859.268586759
Germany,1990,2576040000000,79433029,32430338.26646596
Germany,1991,2707630000000,80013896,33839497.07935732
Germany,1992,2759700000000,80624598,34229007.87672765
Germany,1993,2732740000000,81156363,33672529.16447229
Germany,1994,2798110000000,81438348,34358629.180444576
Germany,1995,2841310000000,81678051,34786701.75418363
Germany,1996,2864210000000,81914831,34965707.247812055
Germany,1997,2915540000000,82034771,35540295.46812534
Germany,1998,2974260000000,82047195,36250599.42634236
Germany,1999,3030390000000,82100243,36910852.99223779
Germany,2000,3118650000000,82211508,37934470.19607036
Germany,2001,3171090000000,82349925,38507503.19444735
Germany,2002,3164810000000,82488495,38366683.74177514
Germany,2003,3142650000000,82534176,38076953.72157104
Germany,2004,3179580000000,82516260,38532769.17785659
Germany,2005,3202850000000,82469422,38836818.81509973
Germany,2006,3325080000000,82376451,40364448.33002092
Germany,2007,3424050000000,82266372,41621502.40440893
Germany,2008,3456920000000,82110097,42101034.176101394
Germany,2009,3260090000000,81902307,39804617.46944442
Germany,2010,3396350000000,81776930,41531884.35907291
Germany,2011,3529670000000,80274983,43969738.36792965
Germany,2012,3544440000000,80425823,44070919.85866281
Germany,2013,3559950000000,80645605,44143137.12445954
Germany,2014,3638610000000,80982500,44930818.386688486
Germany,2015,3692890000000,81686611,45208020.68774771
Germany,2016,3775240000000,82348669,45844578.25298913
Germany,2017,3873480000000,82657002,46862091.610823244
Germany,2018,3922590000000,82905782,47313829.08854294
European Union,1990,10195200000000,420477999,24246690.728757963
European Union,1991,10383000000000,421730520,24619987.189924028
European Union,1992,10503800000000,422963890,24833798.459721938
European Union,1993,10443600000000,424341124,24611331.330686677
European Union,1994,10720200000000,425399126,25200333.862463083
European Union,1995,11006200000000,426203356,25823822.935828783
European Union,1996,11214400000000,426896861,26269577.091127876
European Union,1997,11513200000000,427538048,26929065.26999908
European Union,1998,11860800000000,428109867,27705037.688374512
European Union,1999,12211700000000,428815486,28477749.518588983
European Union,2000,12689000000000,429328622,29555448.55334616
European Union,2001,12966200000000,429895628,30161274.401236758
European Union,2002,13111900000000,430881947,30430376.791813005
European Union,2003,13233700000000,432415932,30604099.018257268
European Union,2004,13577200000000,434040244,31280970.342464373
European Union,2005,13839900000000,435581949,31773355.236077517
European Union,2006,14323300000000,436998045,32776576.838003933
European Union,2007,14774800000000,438468397,33696385.19238594
European Union,2008,14870200000000,439876674,33805384.27914002
European Union,2009,14226900000000,440917801,32266558.45541605
European Union,2010,14541400000000,441532415,32933935.32613002
European Union,2011,14805700000000,440746989,33592288.47732412
European Union,2012,14695100000000,441395937,33292331.823163114
European Union,2013,14688000000000,442469469,33195510.71669535
European Union,2014,14919200000000,443576675,33633869.499562845
European Union,2015,15262600000000,444543761,34333177.83083227
European Union,2016,15568900000000,445487730,34947988.35424715
European Union,2017,16005300000000,446186344,35871335.40779097
European Union,2018,16343700000000,446915113,36570032.036486536
France,1990,1894060000000,58235716,32524027.007755857
France,1991,1913910000000,58559309,32683275.002442393
France,1992,1944520000000,58851216,33041288.390710566
France,1993,1932300000000,59106758,32691693.223979566
France,1994,1977870000000,59327200,33338333.8502407
France,1995,2019540000000,59541904,33917961.37389224
France,1996,2048070000000,59753095,34275546.73109401
France,1997,2095920000000,59964841,34952481.57165963
France,1998,2171140000000,60186284,36073667.548573025
France,1999,2245420000000,60496708,37116399.78823311
France,2000,2333520000000,60912500,38309378.20644367
France,2001,2379810000000,61357432,38786010.47058162
France,2002,2406840000000,61805266,38942312.77962625
France,2003,2426650000000,62244880,38985535.83844969
France,2004,2495320000000,62704901,39794656.56121521
France,2005,2536820000000,63179356,40152672.65465637
France,2006,2598960000000,63621376,40850421.09117539
France,2007,2661970000000,64016227,41582738.07670671
France,2008,2668760000000,64374979,41456479.54308459
France,2009,2592080000000,64707035,40058704.590621404
France,2010,2642610000000,65027505,40638342.19073913
France,2011,2700550000000,65342789,41328967.45500104
France,2012,2709010000000,65659814,41258264.910710834
France,2013,2724620000000,65998685,41282943.743500344
France,2014,2750680000000,66312067,41480836.36120105
France,2015,2781290000000,66548272,41793572.04045809
France,2016,2811760000000,66724104,42140093.780802205
France,2017,2876190000000,66918020,42980799.49167653
France,2018,2927750000000,67101930,43631382.88272782
United Kingdom,1990,1638290000000,57247586,28617625.903038077
United Kingdom,1991,1620220000000,57424897,28214591.31219687
United Kingdom,1992,1626720000000,57580402,28251278.96814614
United Kingdom,1993,1667220000000,57718614,28885308.992346905
United Kingdom,1994,1731340000000,57865745,29919946.593619417
United Kingdom,1995,1775170000000,58019030,30596340.545507226
United Kingdom,1996,1819400000000,58166950,31278930.733002163
United Kingdom,1997,1909920000000,58316954,32750681.731422395
United Kingdom,1998,1980740000000,58487141,33866247.6252686
United Kingdom,1999,2046010000000,58682466,34865780.862038076
United Kingdom,2000,2117740000000,58892514,35959409.03456762
United Kingdom,2001,2175570000000,59119673,36799425.463669255
United Kingdom,2002,2222970000000,59370479,37442345.715283856
United Kingdom,2003,2296810000000,59647577,38506342.009500235
United Kingdom,2004,2349320000000,59987905,39163227.987375125
United Kingdom,2005,2418760000000,60401206,40044895.792312495
United Kingdom,2006,2483920000000,60846820,40822511.34899079
United Kingdom,2007,2542550000000,61322463,41461968.023039125
United Kingdom,2008,2535460000000,61806995,41022217.63086848
United Kingdom,2009,2431160000000,62276270,39038304.638347805
United Kingdom,2010,2481580000000,62766365,39536780.56710788
United Kingdom,2011,2513240000000,63258810,39729485.90085713
United Kingdom,2012,2549190000000,63700215,40018546.2482348
United Kingdom,2013,2604910000000,64128273,40620304.86927349
United Kingdom,2014,2679490000000,64602298,41476697.93418185
United Kingdom,2015,2742800000000,65116219,42121610.285756916
United Kingdom,2016,2790050000000,65611593,42523735.09663148
United Kingdom,2017,2838600000000,66058859,42970769.446683906
United Kingdom,2018,2874160000000,66460344,43246240.19400201
Indonesia,1990,309821000000,181413398,1707817.633182749
Indonesia,1991,331236000000,184591897,1794423.294755999
Indonesia,1992,352758000000,187739786,1878973.0590190403
Indonesia,1993,375675000000,190851184,1968418.4930180993
Indonesia,1994,404000000000,193917458,2083360.643062885
Indonesia,1995,437209000000,196934257,2220075.910916809
Indonesia,1996,471391000000,199901231,2358119.545546971
Indonesia,1997,493546000000,202826444,2433341.482829527
Indonesia,1998,428759000000,205724597,2084140.6727849853
Indonesia,1999,432151000000,208615171,2071522.4014077096
Indonesia,2000,453414000000,211513822,2143661.3253577347
Indonesia,2001,469934000000,214427419,2191576.068916821
Indonesia,2002,491078000000,217357790,2259307.108339664
Indonesia,2003,514553000000,220309473,2335591.806349607
Indonesia,2004,540440000000,223285666,2420397.1964774486
Indonesia,2005,571205000000,226289468,2524222.6474278513
Indonesia,2006,602627000000,229318262,2627906.7124623507
Indonesia,2007,640863000000,232374239,2757891.7644136962
Indonesia,2008,679403000000,235469755,2885308.9858610504
Indonesia,2009,710852000000,238620554,2979005.7397989277
Indonesia,2010,755094000000,241834226,3122362.0100820633
Indonesia,2011,801682000000,245115988,3270623.0488726827
Indonesia,2012,850024000000,248451714,3421284.507620664
Indonesia,2013,897262000000,251805314,3563316.3802095135
Indonesia,2014,942185000000,255128076,3692988.301295385
Indonesia,2015,988129000000,258383257,3824276.4313478717
Indonesia,2016,1037860000000,261556386,3968016.288464851
Indonesia,2017,1090480000000,264650969,4120445.89944426
Indonesia,2018,1146900000000,267670549,4284744.826372363
India,1990,507565000000,873277799,581218.2567577217
India,1991,512929000000,891273202,575501.427451198
India,1992,541050000000,909307018,595013.5534970653
India,1993,566754000000,927403866,611118.8671710799
India,1994,604494000000,945601828,639269.0687564957
India,1995,650281000000,963922586,674619.5280042955
India,1996,699374000000,982365248,711928.685816052
India,1997,727698000000,1000900028,727043.6403664482
India,1998,772701000000,1019483586,757933.732932116
India,1999,841053000000,1038058154,810217.613299534
India,2000,873357000000,1056575548,826592.0990251802
India,2001,915488000000,1075000094,851616.6697191005
India,2002,950313000000,1093317187,869201.5558701722
India,2003,1025010000000,1111523146,922167.0315086718
India,2004,1106220000000,1129623466,979282.0645954959
India,2005,1193870000000,1147609924,1040309.9302581492
India,2006,1290110000000,1165486291,1106928.506978037
India,2007,1388940000000,1183209471,1173874.984981421
India,2008,1431810000000,1200669762,1192509.4187555627
India,2009,1544380000000,1217726217,1268248.953204561
India,2010,1675620000000,1234281163,1357567.5058730522
India,2011,1763440000000,1250287939,1410427.1064235228
India,2012,1859660000000,1265780243,1469180.7762716042
India,2013,1978420000000,1280842119,1544624.4081547104
India,2014,2125020000000,1295600768,1640181.1827268074
India,2015,2294950000000,1310152392,1751666.4580497136
India,2016,2484430000000,1324517250,1875724.9103399748
India,2017,2653250000000,1338676779,1981994.4900978967
India,2018,2826590000000,1352642283,2089680.350470014
Italy,1990,1751000000000,56719240,30871358.643028364
Italy,1991,1777930000000,56758521,31324459.634880196
Italy,1992,1792770000000,56797087,31564470.90323488
Italy,1993,1777480000000,56831821,31276140.17506143
Italy,1994,1815710000000,56843400,31942318.721258756
Italy,1995,1868130000000,56844303,32863979.350753937
Italy,1996,1891790000000,56860281,33270852.10852194
Italy,1997,1926420000000,56890372,33861968.77039229
Italy,1998,1961300000000,56906744,34465159.34912741
Italy,1999,1993180000000,56916317,35019483.077234246
Italy,2000,2068660000000,56942108,36329178.39992857
Italy,2001,2109030000000,56974100,37017346.478487596
Italy,2002,2114390000000,57059007,37056200.43475345
Italy,2003,2117320000000,57313203,36942971.06375297
Italy,2004,2147460000000,57685327,37227144.434840426
Italy,2005,2165020000000,57969484,37347581.01348634
Italy,2006,2203790000000,58143979,37902290.79437443
Italy,2007,2236560000000,58438310,38272154.00308462
Italy,2008,2215050000000,58826731,37653800.61659384
Italy,2009,2098070000000,59095365,35503122.791440584
Italy,2010,2134020000000,59277417,36000556.501981184
Italy,2011,2149110000000,59379449,36192824.89468705
Italy,2012,2085050000000,59539717,35019481.19773562
Italy,2013,2046660000000,60233948,33978513.24638392
Italy,2014,2046570000000,60789140,33666704.283034764
Italy,2015,2062500000000,60730582,33961472.65639575
Italy,2016,2089180000000,60627498,34459281.166443646
Italy,2017,2124020000000,60536709,35086479.51113431
Italy,2018,2144020000000,60421760,35484236.14274063
Japan,1990,4703610000000,123478000,38092696.67471129
Japan,1991,4864350000000,123964000,39240021.29650544
Japan,1992,4905600000000,124425000,39426160.33755274
Japan,1993,4880200000000,124829000,39095082.07227487
Japan,1994,4928660000000,125178000,39373212.54533544
Japan,1995,5063810000000,125472000,40358087.86023974
Japan,1996,5220790000000,125757000,41514905.73089371
Japan,1997,5276970000000,126057000,41861776.81525024
Japan,1998,5217420000000,126400000,41277056.962025315
Japan,1999,5204280000000,126631000,41097993.38234714
Japan,2000,5348940000000,126843000,42169768.92694118
Japan,2001,5370670000000,127149000,42239183.94953952
Japan,2002,5377010000000,127445000,42190827.41574797
Japan,2003,5459180000000,127718000,42744014.156187855
Japan,2004,5579540000000,127761000,43671699.501412794
Japan,2005,5672310000000,127773000,44393651.24087249
Japan,2006,5752850000000,127854000,44995463.57564097
Japan,2007,5848020000000,128001000,45687299.317974076
Japan,2008,5784070000000,128063000,45165816.824531674
Japan,2009,5470780000000,128047000,42724780.74457035
Japan,2010,5700100000000,128070000,44507691.10642617
Japan,2011,5693520000000,127833000,44538734.12968482
Japan,2012,5778640000000,127629000,45276857.14061851
Japan,2013,5894230000000,127445000,46249205.539644554
Japan,2014,5916320000000,127276000,46484176.12118545
Japan,2015,5988670000000,127141000,47102586.89171864
Japan,2016,6019930000000,126994511,47403072.40523175
Japan,2017,6150460000000,126785797,48510638.774467774
Japan,2018,6170340000000,126529100,48766173.15700499
"Korea, Rep.",1990,364199000000,42869283,8495570.126516927
"Korea, Rep.",1991,403453000000,43295704,9318545.784588698
"Korea, Rep.",1992,428462000000,43747962,9793873.369461188
"Korea, Rep.",1993,457929000000,44194628,10361643.953649752
"Korea, Rep.",1994,500373000000,44641540,11208685.901068825
"Korea, Rep.",1995,548481000000,45092991,12163331.547468208
"Korea, Rep.",1996,591760000000,45524681,12998663.296509426
"Korea, Rep.",1997,628275000000,45953580,13671948.95370502
"Korea, Rep.",1998,596048000000,46286503,12877360.815095494
"Korea, Rep.",1999,664397000000,46616677,14252345.786037043
"Korea, Rep.",2000,724597000000,47008111,15414297.332645424
"Korea, Rep.",2001,759757000000,47370164,16038724.290673768
"Korea, Rep.",2002,818449000000,47644736,17178162.137366027
"Korea, Rep.",2003,844208000000,47892330,17627206.69468368
"Korea, Rep.",2004,888085000000,48082519,18470018.178540107
"Korea, Rep.",2005,926349000000,48184561,19225016.909461934
"Korea, Rep.",2006,975115000000,48438292,20131077.28901754
"Korea, Rep.",2007,1031670000000,48683638,21191308.66924941
"Korea, Rep.",2008,1062750000000,49054708,21664587.21964057
"Korea, Rep.",2009,1071180000000,49307835,21724336.50757532
"Korea, Rep.",2010,1144070000000,49554112,23087286.883478004
"Korea, Rep.",2011,1186230000000,49936638,23754702.90971531
"Korea, Rep.",2012,1214730000000,50199853,24197879.623273
"Korea, Rep.",2013,1253180000000,50428893,24850436.435318936
"Korea, Rep.",2014,1293310000000,50746659,25485618.669004396
"Korea, Rep.",2015,1329640000000,51014947,26063733.830792766
"Korea, Rep.",2016,1368820000000,51217803,26725472.78140767
"Korea, Rep.",2017,1412070000000,51361911,27492551.82502847
"Korea, Rep.",2018,1453130000000,51606633,28157814.519695558
Mexico,1990,653984000000,83943135,7790797.901460316
Mexico,1991,681548000000,85512621,7970145.13214371
Mexico,1992,705682000000,87075136,8104288.232176864
Mexico,1993,719381000000,88625440,8117093.692285195
Mexico,1994,754926000000,90156396,8373515.729266729
Mexico,1995,707432000000,91663290,7717724.292898499
Mexico,1996,755348000000,93147045,8109199.8141218545
Mexico,1997,807065000000,94611008,8530349.872184006
Mexico,1998,848742000000,96056313,8835879.428351576
Mexico,1999,872112000000,97484823,8946131.03005788
Mexico,2000,915216000000,98899845,9253967.99155752
Mexico,2001,911515000000,100298152,9088053.785876334
Mexico,2002,911152000000,101684764,8960555.781985195
Mexico,2003,924331000000,103081020,8967033.892369322
Mexico,2004,960570000000,104514934,9190743.97540164
Mexico,2005,982738000000,106005199,9270658.507985067
Mexico,2006,1026910000000,107560155,9547308.66648528
Mexico,2007,1050440000000,109170503,9622013.008403927
Mexico,2008,1062460000000,110815272,9587667.663713356
Mexico,2009,1006300000000,112463886,8947761.239550268
Mexico,2010,1057800000000,114092961,9271387.040257461
Mexico,2011,1096550000000,115695468,9477899.341744311
Mexico,2012,1136490000000,117274156,9690881.93651123
Mexico,2013,1151880000000,118827158,9693743.5800661
Mexico,2014,1184700000000,120355137,9843368.796132067
Mexico,2015,1223720000000,121858251,10042159.557993328
Mexico,2016,1255910000000,123333379,10183050.283573274
Mexico,2017,1282450000000,124777326,10277908.984842326
Mexico,2018,1310600000000,126190782,10385861.623394964
Russian Federation,1990,1416190000000,147969407,9570829.732391912
Russian Federation,1991,1344710000000,148394216,9061741.32824692
Russian Federation,1992,1149310000000,148538197,7737471.056013963
Russian Federation,1993,1049680000000,148458777,7070514.934930388
Russian Federation,1994,917740000000,148407912,6183902.108938774
Russian Federation,1995,879714000000,148375787,5928959.284980911
Russian Federation,1996,846680000000,148160129,5714627.8537594965
Russian Federation,1997,858533000000,147915361,5804217.994640867
Russian Federation,1998,813031000000,147670784,5505699.759811663
Russian Federation,1999,865064000000,147214776,5876203.622386383
Russian Federation,2000,951571000000,146596869,6491073.14836308
Russian Federation,2001,1000100000000,145976482,6851103.590782521
Russian Federation,2002,1047110000000,145306497,7206215.97532559
Russian Federation,2003,1123540000000,144648618,7767374.590471373
Russian Federation,2004,1204440000000,144067316,8360258.478057577
Russian Federation,2005,1281520000000,143518814,8929282.26120932
Russian Federation,2006,1386610000000,143049637,9693208.798565494
Russian Federation,2007,1504470000000,142805114,10535126.91429244
Russian Federation,2008,1582700000000,142742366,11087808.366578426
Russian Federation,2009,1459250000000,142785349,10219886.075286338
Russian Federation,2010,1524920000000,142849468,10675013.504425513
Russian Federation,2011,1590490000000,142960908,11125349.035975626
Russian Federation,2012,1654490000000,143201721,11553562.264799876
Russian Federation,2013,1683540000000,143506995,11731414.207370171
Russian Federation,2014,1695930000000,143819667,11792059.009565083
Russian Federation,2015,1662470000000,144096870,11537169.405553361
Russian Federation,2016,1665690000000,144342397,11539852.701767175
Russian Federation,2017,1696110000000,144496739,11738050.365275025
Russian Federation,2018,1743720000000,144477859,12069115.725199113
Saudi Arabia,1990,293927000000,16233786,18105881.154279105
Saudi Arabia,1991,338040000000,16772695,20154185.120518796
Saudi Arabia,1992,351519000000,17282686,20339373.17382263
Saudi Arabia,1993,346725000000,17763297,19519180.476462226
Saudi Arabia,1994,348663000000,18214475,19142083.42540754
Saudi Arabia,1995,349402000000,18638790,18745959.36753405
Saudi Arabia,1996,358617000000,19033843,18841019.125775073
Saudi Arabia,1997,362576000000,19407138,18682610.491047163
Saudi Arabia,1998,373066000000,19783301,18857621.384823494
Saudi Arabia,1999,359027000000,20194531,17778427.23854295
Saudi Arabia,2000,379223000000,20663840,18352010.081378873
Saudi Arabia,2001,374632000000,21202646,17669115.449081212
Saudi Arabia,2002,364071000000,21805322,16696428.514103116
Saudi Arabia,2003,405000000000,22456645,18034750.961241093
Saudi Arabia,2004,437231000000,23132686,18901004.405627605
Saudi Arabia,2005,461602000000,23816175,19381869.67470637
Saudi Arabia,2006,474473000000,24498313,19367578.49407835
Saudi Arabia,2007,483237000000,25184589,19187805.685453117
Saudi Arabia,2008,513438000000,25888535,19832640.20154095
Saudi Arabia,2009,502866000000,26630303,18883224.873558518
Saudi Arabia,2010,528207000000,27421468,19262535.470384005
Saudi Arabia,2011,581011000000,28267591,20553962.309699472
Saudi Arabia,2012,612453000000,29154906,21006859.017141063
Saudi Arabia,2013,628984000000,30052058,20929814.52385058
Saudi Arabia,2014,651958000000,30916603,21087633.72224303
Saudi Arabia,2015,678730000000,31717676,21399108.812385876
Saudi Arabia,2016,690069000000,32443443,21269906.526258636
Saudi Arabia,2017,684952000000,33101183,20692674.337349214
Saudi Arabia,2018,701624000000,33702757,20818000.141650133
Turkey,1990,365288000000,53921758,6774408.208278372
Turkey,1991,367919000000,54840595,6708880.529104398
Turkey,1992,386446000000,55748946,6931897.869423396
Turkey,1993,416014000000,56653808,7343089.806072701
Turkey,1994,396594000000,57564209,6889593.497237146
Turkey,1995,427839000000,58486453,7315181.175374065
Turkey,1996,459412000000,59423278,7731179.017084854
Turkey,1997,494224000000,60372571,8186234.109526327
Turkey,1998,506106000000,61329665,8252221.824462925
Turkey,1999,489591000000,62287391,7860194.369033693
Turkey,2000,523536000000,63240196,8278532.217072825
Turkey,2001,493432000000,64192243,7686785.457862875
Turkey,2002,525247000000,65145357,8062692.787146749
Turkey,2003,555518000000,66089402,8405553.435027298
Turkey,2004,609937000000,67010930,9102052.45621871
Turkey,2005,664784000000,67903461,9790134.261344941
Turkey,2006,710973000000,68756809,10340401.341196623
Turkey,2007,746831000000,69581854,10733128.783834934
Turkey,2008,752918000000,70418612,10692031.248784058
Turkey,2009,716604000000,71321406,10047530.470725717
Turkey,2010,776993000000,72326992,10742780.509937424
Turkey,2011,864017000000,73443254,11764416.102805031
Turkey,2012,905390000000,74651046,12128296.233116413
Turkey,2013,982220000000,75925454,12936636.506645057
Turkey,2014,1030740000000,77229262,13346495.529116929
Turkey,2015,1093450000000,78529413,13924082.177973239
Turkey,2016,1129790000000,79827868,14152826.930064073
Turkey,2017,1214550000000,81116451,14972918.37878854
Turkey,2018,1250490000000,82340090,15186891.342965499
United States,1990,9001230000000,249623000,36059297.42051013
United States,1991,8991490000000,252981000,35542155.33972907
United States,1992,9308210000000,256514000,36287337.14339178
United States,1993,9564450000000,259919000,36797810.086988635
United States,1994,9949780000000,263126000,37813747.026139565
United States,1995,10216900000000,266278000,38369298.252202585
United States,1996,10602300000000,269394000,39356110.38107753
United States,1997,11073800000000,272657000,40614398.30996454
United States,1998,11570100000000,275854000,41942839.328050345
United States,1999,12120000000000,279040000,43434633.02752294
United States,2000,12620300000000,282162411,44727077.413582206
United States,2001,12746300000000,284968955,44728731.942046106
United States,2002,12968300000000,287625193,45087496.907824755
United States,2003,13339300000000,290107933,45980473.06758757
United States,2004,13846100000000,292805298,47287737.25945355
United States,2005,14332500000000,295516599,48499813.71097195
United States,2006,14741700000000,298379912,49405805.843926914
United States,2007,15018300000000,301231207,49856388.21943173
United States,2008,14997800000000,304093966,49319623.79023331
United States,2009,14617300000000,306771529,47648815.54572165
United States,2010,14992100000000,309327143,48466810.42794877
United States,2011,15224600000000,311583481,48862025.519254014
United States,2012,15567000000000,313877662,49595756.19624693
United States,2013,15853800000000,316059947,50160737.38694894
United States,2014,16254300000000,318386329,51052129.1886248
United States,2015,16754200000000,320738994,52236242.905968584
United States,2016,17040900000000,323071755,52746486.61254835
United States,2017,17438400000000,325122128,53636459.95820992
United States,2018,17960900000000,326838199,54953490.9167701
South Africa,1990,223004000000,36800507,6059807.817321648
South Africa,1991,220733000000,37718952,5852044.881840832
South Africa,1992,216016000000,38672611,5585761.975057749
South Africa,1993,218680000000,39633754,5517519.233731935
South Africa,1994,225678000000,40564061,5563496.218980639
South Africa,1995,232674000000,41435761,5615294.479568023
South Africa,1996,242679000000,42241007,5745104.514198727
South Africa,1997,248989000000,42987456,5792131.546467882
South Africa,1998,250234000000,43682259,5728504.105064713
South Africa,1999,256239000000,44338551,5779146.909875336
South Africa,2000,267001000000,44967713,5937615.728867509
South Africa,2001,274210000000,45571272,6017168.008828018
South Africa,2002,284357000000,46150913,6161459.904379357
South Africa,2003,292743000000,46719203,6266010.14576383
South Africa,2004,306076000000,47291610,6472099.3850706285
South Africa,2005,322228000000,47880595,6729824.472732638
South Africa,2006,340285000000,48489464,7017710.074089497
South Africa,2007,358526000000,49119766,7299016.856065641
South Africa,2008,369967000000,49779472,7432119.81035074
South Africa,2009,364276000000,50477013,7216671.0815475555
South Africa,2010,375349000000,51216967,7328606.553371269
South Africa,2011,387677000000,52003759,7454788.02791929
South Africa,2012,396257000000,52832659,7500228.220578487
South Africa,2013,406105000000,53687125,7564290.321003406
South Africa,2014,413606000000,54544184,7582953.29892551
South Africa,2015,418543000000,55386369,7556787.122116635
South Africa,2016,420213000000,56207649,7476082.1254060995
South Africa,2017,426157000000,57009751,7475159.81958946
South Africa,2018,429511000000,57792520,7431947.940667755
